{
  "project_info": {
    "project_number": "310135870071",
    "project_id": "testapp-4fe00",
    "storage_bucket": "testapp-4fe00.firebasestorage.app"
  },
  "client": [
    {
      "client_info": {
        "mobilesdk_app_id": "1:310135870071:android:c1a7c424760d131dbc2c72",
        "android_client_info": {"package_name": "com.journal"}
      },
      "oauth_client": [
        {
          "client_id": "310135870071-rnhtfn4h3746rat814da17b8237v28pu.apps.googleusercontent.com",
          "client_type": 1,
          "android_info": {
            "package_name": "com.journal",
            "certificate_hash": "5e8f16062ea3cd2c4a0d547876baa6f38cabf625"
          }
        },
        {
          "client_id": "310135870071-of1jt9uocdbjb34npk4ijv2iibvnr69n.apps.googleusercontent.com",
          "client_type": 3
        }
      ],
      "api_key": [{"current_key": "AIzaSyCRbmgpgqhCdAk5CWEWiYow6RsRpYF-Mfc"}],
      "services": {
        "appinvite_service": {
          "other_platform_oauth_client": [
            {
              "client_id": "310135870071-of1jt9uocdbjb34npk4ijv2iibvnr69n.apps.googleusercontent.com",
              "client_type": 3
            }
          ]
        }
      }
    }
  ],
  "configuration_version": "1"
}
